Source File	Size	loadResources	load	generateSnapshots	load-configure	scan	loadDepInfo	loadInfo	checkR4R4B	generateNarratives	validate	loadLists	checkConformanceResources	checkConformanceResources2	checkConformanceResources3	generateLogicalMaps	validateExpressions	scanForUsageStats	checkURLsUnique	processProvenanceDetails	generate1	generate2	generateLogicals	makeDependencies	generateExampleZip	generateValidationPack	scanProfilesForR5	scanExamplesForR5
/fsh-generated/resources/ImplementationGuide-ans.hl7v2.fr.teleradiologie.json	4776	-	0	0	0	0	0	0	15	76	0	0	0	0	0	0	0	1	0	0	74	108	0	0	0	2	0	2
fsh-generated/resources/CodeSystem-competence-code-system.json	6329	24	0	0	0	0	0	0	2	35	0	0	0	0	0	0	0	0	0	0	38	794	0	0	0	2	0	0
fsh-generated/resources/CodeSystem-type-carte-code-system.json	1017	20	0	0	1	0	0	0	1	23	0	0	0	0	0	0	0	0	0	0	16	84	0	0	0	1	0	0
fsh-generated/resources/Patient-frpatient-exemple.json	462	20	0	0	0	0	0	0	0	325	0	0	0	0	0	0	0	0	0	0	11	24	0	0	1	0	0	0
fsh-generated/resources/StructureDefinition-EyeColor.json	1338	18	0	15	0	0	0	0	0	67	0	0	0	0	0	0	0	0	0	0	46	655	0	0	0	2	0	0
fsh-generated/resources/StructureDefinition-fr-patient.json	2377	14	0	100	0	0	0	0	0	49	0	0	1	0	0	0	0	1	0	0	189	585	0	0	0	13	1	3
fsh-generated/resources/ValueSet-EyeColorVS.json	678	21	0	0	0	0	0	0	1	875	0	0	0	0	0	0	0	0	0	0	16	523	0	0	0	1	0	0
fsh-generated/resources/ValueSet-MeltingPotVS.json	908	18	0	0	0	0	0	0	0	330	0	0	0	0	0	0	0	0	0	0	14	372	0	0	0	0	0	0
fsh-generated/resources/ValueSet-ModifiedAdministrativeGender.json	655	14	0	0	0	0	0	0	0	12	0	0	0	0	0	0	0	0	0	0	13	47	0	0	0	1	0	0
fsh-generated/resources/ValueSet-TypeCarteVS.json	435	5	0	0	0	0	0	0	0	12	0	0	0	0	0	0	0	0	0	0	11	44	0	0	0	0	0	0
/fsh-generated/includes/fsh-link-references.md	453	-	-	-	0	0	0	0	0	0	0	0	0	0	0	0	0	0	0	0	0	0	0	0	0	0	0	0
/fsh-generated/includes/menu.xml	2166	-	-	-	0	0	0	0	0	0	0	0	0	0	0	0	0	0	0	0	0	1	0	0	0	0	0	0
/input/data/features.yml	172	-	-	-	0	0	0	0	0	0	0	0	0	0	0	0	0	0	0	0	0	0	0	0	0	0	0	0
/input/pagecontent/st_flux1.md	119	-	-	-	0	0	0	0	0	0	0	0	0	0	0	0	0	0	0	0	0	0	0	0	0	0	0	0
/input/pagecontent/st_flux2.md	118	-	-	-	0	0	0	0	0	0	0	0	0	0	0	0	0	0	0	0	0	0	0	0	0	0	0	0
/input/pagecontent/specifications_techniques.md	0	-	-	-	0	0	0	0	0	0	0	0	0	0	0	0	0	0	0	0	0	0	0	0	0	0	0	0
/input/pagecontent/tests.md	1184	-	-	-	0	0	0	0	0	0	0	0	0	0	0	0	0	0	0	0	0	0	0	0	0	0	0	0
/input/pagecontent/specifications_fonctionnelles.md	0	-	-	-	0	0	0	0	0	0	0	0	0	0	0	0	0	0	0	0	0	0	0	0	0	0	0	0
/input/pagecontent/securite.md	900	-	-	-	0	0	0	0	0	0	0	0	0	0	0	0	0	0	0	0	0	0	0	0	0	0	0	0
/input/pagecontent/construction_des_flux.md	205	-	-	-	0	0	0	0	0	0	0	0	0	0	0	0	0	0	0	0	0	0	0	0	0	0	0	0
/input/pagecontent/downloads.md	1727	-	-	-	0	0	0	0	0	0	0	0	0	0	0	0	0	0	0	0	0	0	0	0	0	0	0	0
/input/pagecontent/index.md	1828	-	-	-	0	0	0	0	0	0	0	0	0	0	0	0	0	0	0	0	0	0	0	0	0	0	0	0
/input/pagecontent/autres_ressources.md	155	-	-	-	0	0	0	0	0	0	0	0	0	0	0	0	0	0	0	0	0	0	0	0	0	0	0	0
/template/config	0	-	-	-	0	0	0	0	0	0	0	0	0	0	0	0	0	0	0	0	0	1	0	0	0	0	0	0
/template/config/_config.yml	140	-	-	-	0	0	0	0	0	0	0	0	0	0	0	0	0	0	0	0	0	0	0	0	0	0	0	0
/input/images	0	-	-	-	0	0	0	0	0	0	0	0	0	0	0	0	0	0	0	0	0	0	0	0	0	0	0	0
/input/images/anImage.png	36288	-	-	-	0	0	0	0	0	0	0	0	0	0	0	0	0	0	0	0	0	0	0	0	0	0	0	0
/input/images/ci-sis-logo.png	61365	-	-	-	0	0	0	0	0	0	0	0	0	0	0	0	0	0	0	0	0	0	0	0	0	0	0	0
/temp/pages/_includes/artifacts.xml	5610	-	-	-	-	-	-	-	-	-	-	-	-	-	-	-	-	-	-	-	-	0	0	0	0	0	0	0
